PRAGMA foreign_keys=OFF;
BEGIN TRANSACTION;
CREATE TABLE IF NOT EXISTS "django_migrations" ("id" integer NOT NULL PRIMARY KEY AUTOINCREMENT, "app" varchar(255) NOT NULL, "name" varchar(255) NOT NULL, "applied" datetime NOT NULL);
INSERT INTO django_migrations VALUES(1,'contenttypes','0001_initial','2025-11-19 13:35:23.826359');
INSERT INTO django_migrations VALUES(2,'auth','0001_initial','2025-11-19 13:35:23.838524');
INSERT INTO django_migrations VALUES(3,'admin','0001_initial','2025-11-19 13:35:23.845511');
INSERT INTO django_migrations VALUES(4,'admin','0002_logentry_remove_auto_add','2025-11-19 13:35:23.852866');
INSERT INTO django_migrations VALUES(5,'admin','0003_logentry_add_action_flag_choices','2025-11-19 13:35:23.858369');
INSERT INTO django_migrations VALUES(6,'contenttypes','0002_remove_content_type_name','2025-11-19 13:35:23.870916');
INSERT INTO django_migrations VALUES(7,'auth','0002_alter_permission_name_max_length','2025-11-19 13:35:23.877972');
INSERT INTO django_migrations VALUES(8,'auth','0003_alter_user_email_max_length','2025-11-19 13:35:23.884803');
INSERT INTO django_migrations VALUES(9,'auth','0004_alter_user_username_opts','2025-11-19 13:35:23.890648');
INSERT INTO django_migrations VALUES(10,'auth','0005_alter_user_last_login_null','2025-11-19 13:35:23.897562');
INSERT INTO django_migrations VALUES(11,'auth','0006_require_contenttypes_0002','2025-11-19 13:35:23.899004');
INSERT INTO django_migrations VALUES(12,'auth','0007_alter_validators_add_error_messages','2025-11-19 13:35:23.904085');
INSERT INTO django_migrations VALUES(13,'auth','0008_alter_user_username_max_length','2025-11-19 13:35:23.912699');
INSERT INTO django_migrations VALUES(14,'auth','0009_alter_user_last_name_max_length','2025-11-19 13:35:23.921066');
INSERT INTO django_migrations VALUES(15,'auth','0010_alter_group_name_max_length','2025-11-19 13:35:23.927578');
INSERT INTO django_migrations VALUES(16,'auth','0011_update_proxy_permissions','2025-11-19 13:35:23.932870');
INSERT INTO django_migrations VALUES(17,'auth','0012_alter_user_first_name_max_length','2025-11-19 13:35:23.939456');
INSERT INTO django_migrations VALUES(18,'categories','0001_initial','2025-11-19 13:35:23.941561');
INSERT INTO django_migrations VALUES(19,'items','0001_initial','2025-11-19 13:35:23.950205');
INSERT INTO django_migrations VALUES(20,'sessions','0001_initial','2025-11-19 13:35:23.953547');
CREATE TABLE IF NOT EXISTS "auth_group_permissions" ("id" integer NOT NULL PRIMARY KEY AUTOINCREMENT, "group_id" integer NOT NULL REFERENCES "auth_group" ("id") DEFERRABLE INITIALLY DEFERRED, "permission_id" integer NOT NULL REFERENCES "auth_permission" ("id") DEFERRABLE INITIALLY DEFERRED);
CREATE TABLE IF NOT EXISTS "auth_user_groups" ("id" integer NOT NULL PRIMARY KEY AUTOINCREMENT, "user_id" integer NOT NULL REFERENCES "auth_user" ("id") DEFERRABLE INITIALLY DEFERRED, "group_id" integer NOT NULL REFERENCES "auth_group" ("id") DEFERRABLE INITIALLY DEFERRED);
CREATE TABLE IF NOT EXISTS "auth_user_user_permissions" ("id" integer NOT NULL PRIMARY KEY AUTOINCREMENT, "user_id" integer NOT NULL REFERENCES "auth_user" ("id") DEFERRABLE INITIALLY DEFERRED, "permission_id" integer NOT NULL REFERENCES "auth_permission" ("id") DEFERRABLE INITIALLY DEFERRED);
CREATE TABLE IF NOT EXISTS "django_admin_log" ("id" integer NOT NULL PRIMARY KEY AUTOINCREMENT, "object_id" text NULL, "object_repr" varchar(200) NOT NULL, "action_flag" smallint unsigned NOT NULL CHECK ("action_flag" >= 0), "change_message" text NOT NULL, "content_type_id" integer NULL REFERENCES "django_content_type" ("id") DEFERRABLE INITIALLY DEFERRED, "user_id" integer NOT NULL REFERENCES "auth_user" ("id") DEFERRABLE INITIALLY DEFERRED, "action_time" datetime NOT NULL);
CREATE TABLE IF NOT EXISTS "django_content_type" ("id" integer NOT NULL PRIMARY KEY AUTOINCREMENT, "app_label" varchar(100) NOT NULL, "model" varchar(100) NOT NULL);
INSERT INTO django_content_type VALUES(1,'admin','logentry');
INSERT INTO django_content_type VALUES(2,'auth','permission');
INSERT INTO django_content_type VALUES(3,'auth','group');
INSERT INTO django_content_type VALUES(4,'auth','user');
INSERT INTO django_content_type VALUES(5,'contenttypes','contenttype');
INSERT INTO django_content_type VALUES(6,'sessions','session');
INSERT INTO django_content_type VALUES(7,'items','item');
INSERT INTO django_content_type VALUES(8,'items','stockmovement');
INSERT INTO django_content_type VALUES(9,'categories','category');
CREATE TABLE IF NOT EXISTS "auth_permission" ("id" integer NOT NULL PRIMARY KEY AUTOINCREMENT, "content_type_id" integer NOT NULL REFERENCES "django_content_type" ("id") DEFERRABLE INITIALLY DEFERRED, "codename" varchar(100) NOT NULL, "name" varchar(255) NOT NULL);
INSERT INTO auth_permission VALUES(1,1,'add_logentry','Can add log entry');
INSERT INTO auth_permission VALUES(2,1,'change_logentry','Can change log entry');
INSERT INTO auth_permission VALUES(3,1,'delete_logentry','Can delete log entry');
INSERT INTO auth_permission VALUES(4,1,'view_logentry','Can view log entry');
INSERT INTO auth_permission VALUES(5,2,'add_permission','Can add permission');
INSERT INTO auth_permission VALUES(6,2,'change_permission','Can change permission');
INSERT INTO auth_permission VALUES(7,2,'delete_permission','Can delete permission');
INSERT INTO auth_permission VALUES(8,2,'view_permission','Can view permission');
INSERT INTO auth_permission VALUES(9,3,'add_group','Can add group');
INSERT INTO auth_permission VALUES(10,3,'change_group','Can change group');
INSERT INTO auth_permission VALUES(11,3,'delete_group','Can delete group');
INSERT INTO auth_permission VALUES(12,3,'view_group','Can view group');
INSERT INTO auth_permission VALUES(13,4,'add_user','Can add user');
INSERT INTO auth_permission VALUES(14,4,'change_user','Can change user');
INSERT INTO auth_permission VALUES(15,4,'delete_user','Can delete user');
INSERT INTO auth_permission VALUES(16,4,'view_user','Can view user');
INSERT INTO auth_permission VALUES(17,5,'add_contenttype','Can add content type');
INSERT INTO auth_permission VALUES(18,5,'change_contenttype','Can change content type');
INSERT INTO auth_permission VALUES(19,5,'delete_contenttype','Can delete content type');
INSERT INTO auth_permission VALUES(20,5,'view_contenttype','Can view content type');
INSERT INTO auth_permission VALUES(21,6,'add_session','Can add session');
INSERT INTO auth_permission VALUES(22,6,'change_session','Can change session');
INSERT INTO auth_permission VALUES(23,6,'delete_session','Can delete session');
INSERT INTO auth_permission VALUES(24,6,'view_session','Can view session');
INSERT INTO auth_permission VALUES(25,7,'add_item','Can add Produto');
INSERT INTO auth_permission VALUES(26,7,'change_item','Can change Produto');
INSERT INTO auth_permission VALUES(27,7,'delete_item','Can delete Produto');
INSERT INTO auth_permission VALUES(28,7,'view_item','Can view Produto');
INSERT INTO auth_permission VALUES(29,8,'add_stockmovement','Can add Movimentação de Estoque');
INSERT INTO auth_permission VALUES(30,8,'change_stockmovement','Can change Movimentação de Estoque');
INSERT INTO auth_permission VALUES(31,8,'delete_stockmovement','Can delete Movimentação de Estoque');
INSERT INTO auth_permission VALUES(32,8,'view_stockmovement','Can view Movimentação de Estoque');
INSERT INTO auth_permission VALUES(33,9,'add_category','Can add Categoria');
INSERT INTO auth_permission VALUES(34,9,'change_category','Can change Categoria');
INSERT INTO auth_permission VALUES(35,9,'delete_category','Can delete Categoria');
INSERT INTO auth_permission VALUES(36,9,'view_category','Can view Categoria');
CREATE TABLE IF NOT EXISTS "auth_group" ("id" integer NOT NULL PRIMARY KEY AUTOINCREMENT, "name" varchar(150) NOT NULL UNIQUE);
CREATE TABLE IF NOT EXISTS "auth_user" ("id" integer NOT NULL PRIMARY KEY AUTOINCREMENT, "password" varchar(128) NOT NULL, "last_login" datetime NULL, "is_superuser" bool NOT NULL, "username" varchar(150) NOT NULL UNIQUE, "last_name" varchar(150) NOT NULL, "email" varchar(254) NOT NULL, "is_staff" bool NOT NULL, "is_active" bool NOT NULL, "date_joined" datetime NOT NULL, "first_name" varchar(150) NOT NULL);
INSERT INTO auth_user VALUES(1,'pbkdf2_sha256$1000000$8A0s7XMZ6U5hH24sg8ehfI$mHHsD+tiRUQ3/Qg6sCr7+k0dkEq/wVGVtaWSHU0BuA0=',NULL,1,'admin','','admin@example.com',1,1,'2025-11-19 13:36:40.565854','');
CREATE TABLE IF NOT EXISTS "categories_category" ("id" integer NOT NULL PRIMARY KEY AUTOINCREMENT, "name" varchar(100) NOT NULL UNIQUE, "created_at" datetime NOT NULL);
INSERT INTO categories_category VALUES(1,'Smartphones','2025-11-19 13:36:40.872965');
INSERT INTO categories_category VALUES(2,'Notebooks','2025-11-19 13:36:40.874543');
INSERT INTO categories_category VALUES(3,'Tablets','2025-11-19 13:36:40.875891');
INSERT INTO categories_category VALUES(4,'Smart TVs','2025-11-19 13:36:40.877331');
INSERT INTO categories_category VALUES(5,'Smartwatches','2025-11-19 13:36:40.878821');
INSERT INTO categories_category VALUES(6,'Acessórios','2025-11-19 13:36:40.880115');
CREATE TABLE IF NOT EXISTS "items_item" ("id" integer NOT NULL PRIMARY KEY AUTOINCREMENT, "name" varchar(200) NOT NULL, "code" varchar(100) NOT NULL UNIQUE, "manufacturer" varchar(100) NOT NULL, "price" decimal NOT NULL, "description" text NOT NULL, "quantity" integer NOT NULL, "minimum_stock" integer NOT NULL, "processor" varchar(200) NOT NULL, "ram" varchar(50) NOT NULL, "storage" varchar(50) NOT NULL, "screen_size" varchar(50) NOT NULL, "camera_resolution" varchar(50) NOT NULL, "operating_system" varchar(100) NOT NULL, "color" varchar(50) NOT NULL, "voltage" varchar(20) NOT NULL, "dimensions" varchar(100) NOT NULL, "resolution" varchar(50) NOT NULL, "connectivity" varchar(200) NOT NULL, "ports" varchar(200) NOT NULL, "material" varchar(100) NOT NULL, "weight" varchar(50) NOT NULL, "status" varchar(20) NOT NULL, "created_at" datetime NOT NULL, "updated_at" datetime NOT NULL);
INSERT INTO items_item VALUES(1,'iPhone 15 Pro','IPH15P-256-BLK','Apple',8999,'iPhone 15 Pro com design em titânio e chip A17 Pro',15,5,'Apple A17 Pro','8GB','256GB','6.1 polegadas','48MP principal','iOS 17','Preto Titânio','USB-C','','2556x1179','Wi-Fi 6E, Bluetooth 5.3, 5G','USB-C','Titânio e vidro','187g','AVAILABLE','2025-11-19 13:36:40.881936','2025-11-19 13:36:40.881950');
INSERT INTO items_item VALUES(2,'Samsung Galaxy S24 Ultra','SAMS24U-512-GRY','Samsung',7499,'Galaxy S24 Ultra com S Pen e câmera de 200MP',8,5,'Snapdragon 8 Gen 3','12GB','512GB','6.8 polegadas','200MP principal','Android 14','Cinza Titânio','USB-C','','3120x1440','Wi-Fi 7, Bluetooth 5.3, 5G','USB-C','Alumínio e vidro','232g','AVAILABLE','2025-11-19 13:36:40.885220','2025-11-19 13:36:40.885233');
INSERT INTO items_item VALUES(3,'Xiaomi 13T Pro','XIA13TP-256-BLU','Xiaomi',3999,'Xiaomi 13T Pro com carregamento ultrarrápido',20,8,'MediaTek Dimensity 9200+','12GB','256GB','6.67 polegadas','50MP principal','Android 13','Azul','USB-C','','2712x1220','Wi-Fi 6, Bluetooth 5.4, 5G','USB-C','Plástico e vidro','200g','AVAILABLE','2025-11-19 13:36:40.888422','2025-11-19 13:36:40.888435');
INSERT INTO items_item VALUES(4,'MacBook Pro 14"','MBP14-M3P-512','Apple',16999,'MacBook Pro 14 polegadas com chip M3 Pro',5,3,'Apple M3 Pro (11 núcleos)','18GB','512GB SSD','14.2 polegadas','','macOS Sonoma','Cinza Espacial','127V/220V (bivolt)','','3024x1964','Wi-Fi 6E, Bluetooth 5.3','HDMI, 3x Thunderbolt 4, SD Card','Alumínio','1.55kg','AVAILABLE','2025-11-19 13:36:40.891166','2025-11-19 13:36:40.891179');
INSERT INTO items_item VALUES(5,'Dell XPS 15','DELLXPS15-1TB','Dell',12499,'Dell XPS 15 com tela OLED 4K',7,4,'Intel Core i7-13700H','32GB','1TB SSD','15.6 polegadas','','Windows 11 Pro','Prata','127V/220V (bivolt)','','3840x2400','Wi-Fi 6E, Bluetooth 5.2','USB-C, Thunderbolt 4, SD Card','Alumínio','1.86kg','AVAILABLE','2025-11-19 13:36:40.893894','2025-11-19 13:36:40.893907');
INSERT INTO items_item VALUES(6,'Lenovo IdeaPad Gaming 3','LENVIP3G-512','Lenovo',4999,'Notebook gamer com RTX 3050',12,6,'AMD Ryzen 5 5600H','16GB','512GB SSD','15.6 polegadas','','Windows 11 Home','Preto','127V/220V (bivolt)','','1920x1080','Wi-Fi 6, Bluetooth 5.1','USB-C, 3x USB-A, HDMI, Ethernet','Plástico','2.25kg','AVAILABLE','2025-11-19 13:36:40.896629','2025-11-19 13:36:40.896642');
INSERT INTO items_item VALUES(7,'iPad Pro 12.9"','IPADP129-256','Apple',9499,'iPad Pro com chip M2 e display Liquid Retina XDR',6,3,'Apple M2','8GB','256GB','12.9 polegadas','12MP principal','iPadOS 17','Cinza Espacial','','','2732x2048','Wi-Fi 6E, Bluetooth 5.3','USB-C Thunderbolt','Alumínio','682g','AVAILABLE','2025-11-19 13:36:40.899507','2025-11-19 13:36:40.899520');
INSERT INTO items_item VALUES(8,'Samsung Galaxy Tab S9','SAMTABS9-256','Samsung',4499,'Galaxy Tab S9 com S Pen inclusa',10,5,'Snapdragon 8 Gen 2','8GB','256GB','11 polegadas','13MP principal','Android 13','Bege','','','2560x1600','Wi-Fi 6E, Bluetooth 5.3','USB-C','Alumínio','498g','AVAILABLE','2025-11-19 13:36:40.902172','2025-11-19 13:36:40.902184');
INSERT INTO items_item VALUES(9,'Xiaomi Pad 6','XIAPAD6-128','Xiaomi',1999,'Tablet com tela de 144Hz',15,8,'Snapdragon 870','6GB','128GB','11 polegadas','13MP principal','Android 13','Cinza','','','2880x1800','Wi-Fi 6, Bluetooth 5.2','USB-C','Metal','490g','AVAILABLE','2025-11-19 13:36:40.905436','2025-11-19 13:36:40.905450');
INSERT INTO items_item VALUES(10,'Samsung Neo QLED 65"','SAMQLED65-4K','Samsung',5999,'Smart TV Neo QLED 65" 4K com Quantum Mini LED',8,3,'Neural Quantum Processor 4K','','','65 polegadas','','Tizen OS','','127V/220V (bivolt)','','3840x2160 (4K)','Wi-Fi 5, Bluetooth 5.2, Ethernet','4x HDMI 2.1, 2x USB, Ethernet, Óptico','','21.3kg','AVAILABLE','2025-11-19 13:36:40.908154','2025-11-19 13:36:40.908167');
INSERT INTO items_item VALUES(11,'LG OLED 55"','LGOLED55-4K','LG',6499,'Smart TV OLED 55" 4K com webOS',5,2,'α9 AI Processor Gen6','','','55 polegadas','','webOS 23','','127V/220V (bivolt)','','3840x2160 (4K)','Wi-Fi 6, Bluetooth 5.1, Ethernet','4x HDMI 2.1, 3x USB, Ethernet, Óptico','','15.9kg','AVAILABLE','2025-11-19 13:36:40.910944','2025-11-19 13:36:40.910958');
INSERT INTO items_item VALUES(12,'TCL 50" 4K Google TV','TCL50-GOOGLETV','TCL',2299,'Smart TV 50" 4K com Google TV',18,8,'','','','50 polegadas','','Google TV','','127V/220V (bivolt)','','3840x2160 (4K)','Wi-Fi 5, Bluetooth 5.0, Ethernet','3x HDMI 2.0, 2x USB, Ethernet','','9.8kg','AVAILABLE','2025-11-19 13:36:40.913874','2025-11-19 13:36:40.913887');
INSERT INTO items_item VALUES(13,'Apple Watch Series 9','AWSE9-45-ALU','Apple',4299,'Apple Watch Series 9 com tela sempre ativa',12,6,'Apple S9','','','45mm','','watchOS 10','Meia-noite','','','396x484','Wi-Fi, Bluetooth 5.3','','Alumínio','38.7g','AVAILABLE','2025-11-19 13:36:40.916690','2025-11-19 13:36:40.916704');
INSERT INTO items_item VALUES(14,'Samsung Galaxy Watch 6','SAMGW6-44','Samsung',2199,'Galaxy Watch 6 com monitoramento avançado de saúde',15,7,'Exynos W930','','','44mm','','Wear OS 4','Grafite','','','480x480','Wi-Fi, Bluetooth 5.3','','Alumínio','33.3g','AVAILABLE','2025-11-19 13:36:40.922058','2025-11-19 13:36:40.922072');
INSERT INTO items_item VALUES(15,'Amazfit GTR 4','AMAZGTR4','Amazfit',1299,'Smartwatch com GPS e bateria de longa duração',25,10,'','','','46mm','','Zepp OS','Preto','','','466x466','Bluetooth 5.0','','Alumínio','48g','AVAILABLE','2025-11-19 13:36:40.925395','2025-11-19 13:36:40.925409');
CREATE TABLE IF NOT EXISTS "items_item_categories" ("id" integer NOT NULL PRIMARY KEY AUTOINCREMENT, "item_id" bigint NOT NULL REFERENCES "items_item" ("id") DEFERRABLE INITIALLY DEFERRED, "category_id" bigint NOT NULL REFERENCES "categories_category" ("id") DEFERRABLE INITIALLY DEFERRED);
INSERT INTO items_item_categories VALUES(1,1,1);
INSERT INTO items_item_categories VALUES(2,2,1);
INSERT INTO items_item_categories VALUES(3,3,1);
INSERT INTO items_item_categories VALUES(4,4,2);
INSERT INTO items_item_categories VALUES(5,5,2);
INSERT INTO items_item_categories VALUES(6,6,2);
INSERT INTO items_item_categories VALUES(7,7,3);
INSERT INTO items_item_categories VALUES(8,8,3);
INSERT INTO items_item_categories VALUES(9,9,3);
INSERT INTO items_item_categories VALUES(10,10,4);
INSERT INTO items_item_categories VALUES(11,11,4);
INSERT INTO items_item_categories VALUES(12,12,4);
INSERT INTO items_item_categories VALUES(13,13,5);
INSERT INTO items_item_categories VALUES(14,14,5);
INSERT INTO items_item_categories VALUES(15,15,5);
CREATE TABLE IF NOT EXISTS "items_stockmovement" ("id" integer NOT NULL PRIMARY KEY AUTOINCREMENT, "movement_type" varchar(10) NOT NULL, "quantity" integer NOT NULL, "date" date NOT NULL, "notes" text NOT NULL, "created_at" datetime NOT NULL, "item_id" bigint NOT NULL REFERENCES "items_item" ("id") DEFERRABLE INITIALLY DEFERRED);
INSERT INTO items_stockmovement VALUES(1,'ENTRADA',10,'2025-11-12','Estoque inicial','2025-11-19 13:36:40.927762',1);
INSERT INTO items_stockmovement VALUES(2,'SAIDA',2,'2025-11-16','Venda','2025-11-19 13:36:40.929057',1);
INSERT INTO items_stockmovement VALUES(3,'ENTRADA',15,'2025-11-09','Compra de fornecedor','2025-11-19 13:36:40.930194',2);
CREATE TABLE IF NOT EXISTS "django_session" ("session_key" varchar(40) NOT NULL PRIMARY KEY, "session_data" text NOT NULL, "expire_date" datetime NOT NULL);
DELETE FROM sqlite_sequence;
INSERT INTO sqlite_sequence VALUES('django_migrations',20);
INSERT INTO sqlite_sequence VALUES('django_admin_log',0);
INSERT INTO sqlite_sequence VALUES('django_content_type',9);
INSERT INTO sqlite_sequence VALUES('auth_permission',36);
INSERT INTO sqlite_sequence VALUES('auth_group',0);
INSERT INTO sqlite_sequence VALUES('auth_user',1);
INSERT INTO sqlite_sequence VALUES('categories_category',6);
INSERT INTO sqlite_sequence VALUES('items_item',15);
INSERT INTO sqlite_sequence VALUES('items_item_categories',15);
INSERT INTO sqlite_sequence VALUES('items_stockmovement',3);
CREATE UNIQUE INDEX "auth_group_permissions_group_id_permission_id_0cd325b0_uniq" ON "auth_group_permissions" ("group_id", "permission_id");
CREATE INDEX "auth_group_permissions_group_id_b120cbf9" ON "auth_group_permissions" ("group_id");
CREATE INDEX "auth_group_permissions_permission_id_84c5c92e" ON "auth_group_permissions" ("permission_id");
CREATE UNIQUE INDEX "auth_user_groups_user_id_group_id_94350c0c_uniq" ON "auth_user_groups" ("user_id", "group_id");
CREATE INDEX "auth_user_groups_user_id_6a12ed8b" ON "auth_user_groups" ("user_id");
CREATE INDEX "auth_user_groups_group_id_97559544" ON "auth_user_groups" ("group_id");
CREATE UNIQUE INDEX "auth_user_user_permissions_user_id_permission_id_14a6b632_uniq" ON "auth_user_user_permissions" ("user_id", "permission_id");
CREATE INDEX "auth_user_user_permissions_user_id_a95ead1b" ON "auth_user_user_permissions" ("user_id");
CREATE INDEX "auth_user_user_permissions_permission_id_1fbb5f2c" ON "auth_user_user_permissions" ("permission_id");
CREATE INDEX "django_admin_log_content_type_id_c4bce8eb" ON "django_admin_log" ("content_type_id");
CREATE INDEX "django_admin_log_user_id_c564eba6" ON "django_admin_log" ("user_id");
CREATE UNIQUE INDEX "django_content_type_app_label_model_76bd3d3b_uniq" ON "django_content_type" ("app_label", "model");
CREATE UNIQUE INDEX "auth_permission_content_type_id_codename_01ab375a_uniq" ON "auth_permission" ("content_type_id", "codename");
CREATE INDEX "auth_permission_content_type_id_2f476e4b" ON "auth_permission" ("content_type_id");
CREATE UNIQUE INDEX "items_item_categories_item_id_category_id_6e42e6e4_uniq" ON "items_item_categories" ("item_id", "category_id");
CREATE INDEX "items_item_categories_item_id_1827d845" ON "items_item_categories" ("item_id");
CREATE INDEX "items_item_categories_category_id_89842860" ON "items_item_categories" ("category_id");
CREATE INDEX "items_stockmovement_item_id_d70a1146" ON "items_stockmovement" ("item_id");
CREATE INDEX "django_session_expire_date_a5c62663" ON "django_session" ("expire_date");
COMMIT;
